date,line_item_usage_account_id,line_item_usage_account_name,daily_cost,linked_account_id,traffic_volume,traffic_source,cost_per_request
2026-03-01,200000000010,prod-core,1921.8287,200000000010,234134,Synthetic,0.008208242715709807
2026-03-01,200000000011,prod-payments,1192.2296000000001,200000000011,140038,Synthetic,0.00851361487596224
2026-03-01,200000000012,staging,208.5043,200000000012,25557,Synthetic,0.00815840278592949
2026-03-01,200000000013,dev,238.7647,200000000013,27558,Synthetic,0.008664079396182597
2026-03-01,200000000014,data-analytics,965.4014999999999,200000000014,117018,Synthetic,0.008250025637081474
2026-03-01,200000000015,ml-research,277.4592,200000000015,33817,Synthetic,0.008204725433953338
2026-03-02,200000000010,prod-core,2441.9838,200000000010,277801,Synthetic,0.008790406801991354
2026-03-02,200000000011,prod-payments,1463.5146,200000000011,174921,Synthetic,0.008366717546778259
2026-03-02,200000000012,staging,325.5684,200000000012,42067,Synthetic,0.007739282573038248
2026-03-02,200000000013,dev,372.0607,200000000013,42163,Synthetic,0.008824341247064962
2026-03-02,200000000014,data-analytics,1257.0241,200000000014,157210,Synthetic,0.00799582787354494
2026-03-02,200000000015,ml-research,453.2812,200000000015,52127,Synthetic,0.00869570855794502
2026-03-03,200000000010,prod-core,2294.3370999999997,200000000010,285650,Synthetic,0.008031987047085593
2026-03-03,200000000011,prod-payments,1409.1287,200000000011,154828,Synthetic,0.009101252357454724
2026-03-03,200000000012,staging,304.6782,200000000012,36896,Synthetic,0.008257756938421509
2026-03-03,200000000013,dev,354.4575,200000000013,45068,Synthetic,0.00786494852223307
2026-03-03,200000000014,data-analytics,1150.3274999999999,200000000014,138119,Synthetic,0.008328524677995061
2026-03-03,200000000015,ml-research,419.6479,200000000015,46355,Synthetic,0.00905291554309136
2026-03-04,200000000010,prod-core,2379.3453,200000000010,298949,Synthetic,0.007959034149637563
2026-03-04,200000000011,prod-payments,1439.2051000000001,200000000011,160207,Synthetic,0.008983409588844433
2026-03-04,200000000012,staging,315.96569999999997,200000000012,35595,Synthetic,0.008876687737041719
2026-03-04,200000000013,dev,362.8057,200000000013,44107,Synthetic,0.008225580973541615
2026-03-04,200000000014,data-analytics,1182.3312,200000000014,151307,Synthetic,0.007814120959373989
2026-03-04,200000000015,ml-research,448.4727,200000000015,48239,Synthetic,0.00929689048280437
2026-03-05,200000000010,prod-core,2425.1952,200000000010,262634,Synthetic,0.009234125056161807
2026-03-05,200000000011,prod-payments,1461.6407,200000000011,163796,Synthetic,0.008923543309970939
2026-03-05,200000000012,staging,321.7667,200000000012,35971,Synthetic,0.008945169720052265
2026-03-05,200000000013,dev,374.3524,200000000013,46000,Synthetic,0.008138095652173914
2026-03-05,200000000014,data-analytics,1217.1635999999999,200000000014,152317,Synthetic,0.007990989843549965
2026-03-05,200000000015,ml-research,458.0146,200000000015,51890,Synthetic,0.0088266448255926
2026-03-06,200000000010,prod-core,2455.3938000000003,200000000010,275462,Synthetic,0.008913729661441506
2026-03-06,200000000011,prod-payments,1473.5935,200000000011,168014,Synthetic,0.008770658992702988
2026-03-06,200000000012,staging,326.06600000000003,200000000012,42358,Synthetic,0.007697861088814393
2026-03-06,200000000013,dev,374.0226,200000000013,40968,Synthetic,0.009129628002343293
2026-03-06,200000000014,data-analytics,1237.1628,200000000014,154709,Synthetic,0.007996708659483289
2026-03-06,200000000015,ml-research,460.6633,200000000015,54011,Synthetic,0.008529064449834292
2026-03-07,200000000010,prod-core,1890.1979000000001,200000000010,228272,Synthetic,0.008280463219317306
2026-03-07,200000000011,prod-payments,1154.8653,200000000011,141355,Synthetic,0.008169964274344734
2026-03-07,200000000012,staging,208.1101,200000000012,27124,Synthetic,0.007672544609939536
2026-03-07,200000000013,dev,234.5147,200000000013,29447,Synthetic,0.00796395897714538
2026-03-07,200000000014,data-analytics,974.7786,200000000014,120213,Synthetic,0.00810876194754311
2026-03-07,200000000015,ml-research,284.0031,200000000015,33581,Synthetic,0.008457255590959174
2026-03-08,200000000010,prod-core,2255.0526,200000000010,266327,Synthetic,0.008467232387253264
2026-03-08,200000000011,prod-payments,1379.5135,200000000011,158046,Synthetic,0.008728556875846272
2026-03-08,200000000012,staging,248.4589,200000000012,29546,Synthetic,0.00840922290665403
2026-03-08,200000000013,dev,278.8675,200000000013,34224,Synthetic,0.008148302360916316
2026-03-08,200000000014,data-analytics,1118.5605,200000000014,149848,Synthetic,0.00746463416261812
2026-03-08,200000000015,ml-research,328.685,200000000015,43261,Synthetic,0.007597720810892028
2026-03-09,200000000010,prod-core,2412.7042,200000000010,289281,Synthetic,0.008340347966164388
2026-03-09,200000000011,prod-payments,1463.7736,200000000011,172332,Synthetic,0.008493916393937284
2026-03-09,200000000012,staging,324.3103,200000000012,38172,Synthetic,0.008496025882846064
2026-03-09,200000000013,dev,375.6888,200000000013,42580,Synthetic,0.008823128229215594
2026-03-09,200000000014,data-analytics,1196.2797,200000000014,142079,Synthetic,0.008419820663152191
2026-03-09,200000000015,ml-research,458.0573,200000000015,58005,Synthetic,0.007896858891474873
2026-03-10,200000000010,prod-core,2463.8939,200000000010,283057,Synthetic,0.008704585648826915
2026-03-10,200000000011,prod-payments,1460.1532,200000000011,186601,Synthetic,0.007825002009635533
2026-03-10,200000000012,staging,323.9997,200000000012,41721,Synthetic,0.007765866110591789
2026-03-10,200000000013,dev,375.0649,200000000013,43947,Synthetic,0.00853448244476301
2026-03-10,200000000014,data-analytics,1233.238,200000000014,133164,Synthetic,0.009261046529091948
2026-03-10,200000000015,ml-research,466.4175,200000000015,53277,Synthetic,0.008754575144996904
2026-03-11,200000000010,prod-core,2380.2264,200000000010,298185,Synthetic,0.00798238140751547
2026-03-11,200000000011,prod-payments,1406.5869,200000000011,165784,Synthetic,0.008484455074072287
2026-03-11,200000000012,staging,309.515,200000000012,35085,Synthetic,0.008821861194242553
2026-03-11,200000000013,dev,359.2908,200000000013,43684,Synthetic,0.008224768794066478
2026-03-11,200000000014,data-analytics,1181.5662,200000000014,153161,Synthetic,0.007714536990487134
2026-03-11,200000000015,ml-research,442.18440000000004,200000000015,53985,Synthetic,0.00819087524312309
2026-03-12,200000000010,prod-core,2352.9262,200000000010,293330,Synthetic,0.008021430470800804
2026-03-12,200000000011,prod-payments,1398.8424,200000000011,174050,Synthetic,0.008037014650962368
2026-03-12,200000000012,staging,305.9883,200000000012,35076,Synthetic,0.008723580225795415
2026-03-12,200000000013,dev,352.42650000000003,200000000013,42402,Synthetic,0.008311553700297156
2026-03-12,200000000014,data-analytics,1163.2527,200000000014,136395,Synthetic,0.00852855823160673
2026-03-12,200000000015,ml-research,435.045,200000000015,51142,Synthetic,0.008506609049313676
2026-03-13,200000000010,prod-core,2514.2468,200000000010,302704,Synthetic,0.008305958295893017
2026-03-13,200000000011,prod-payments,1524.9274,200000000011,174449,Synthetic,0.008741393759780796
2026-03-13,200000000012,staging,339.6425,200000000012,42067,Synthetic,0.008073846482991419
2026-03-13,200000000013,dev,386.69,200000000013,45723,Synthetic,0.008457231590228112
2026-03-13,200000000014,data-analytics,1300.7337,200000000014,156930,Synthetic,0.008288623590135729
2026-03-13,200000000015,ml-research,473.454,200000000015,56006,Synthetic,0.00845362996821769
2026-03-14,200000000010,prod-core,1991.7145,200000000010,252476,Synthetic,0.007888728037516437
2026-03-14,200000000011,prod-payments,1225.1548,200000000011,145507,Synthetic,0.00841990282254462
2026-03-14,200000000012,staging,210.0463,200000000012,24708,Synthetic,0.008501145378015218
2026-03-14,200000000013,dev,241.4905,200000000013,28828,Synthetic,0.00837694255584848
2026-03-14,200000000014,data-analytics,988.7934,200000000014,126424,Synthetic,0.007821247547933936
2026-03-14,200000000015,ml-research,292.8095,200000000015,35461,Synthetic,0.008257226248554751
2026-03-15,200000000010,prod-core,2037.9044,200000000010,250264,Synthetic,0.008143018572387558
2026-03-15,200000000011,prod-payments,1234.8034,200000000011,141138,Synthetic,0.008748908160807154
2026-03-15,200000000012,staging,215.6354,200000000012,25868,Synthetic,0.008335990412865316
2026-03-15,200000000013,dev,254.603,200000000013,30167,Synthetic,0.008439785195743694
2026-03-15,200000000014,data-analytics,1026.5752,200000000014,113319,Synthetic,0.00905916218815909
2026-03-15,200000000015,ml-research,299.1959,200000000015,37015,Synthetic,0.008083098743752532
2026-03-16,200000000010,prod-core,2433.324,200000000010,279453,Synthetic,0.00870745348949555
2026-03-16,200000000011,prod-payments,1490.6001,200000000011,175839,Synthetic,0.008477073345503558
2026-03-16,200000000012,staging,325.4147,200000000012,38730,Synthetic,0.008402135295636458
2026-03-16,200000000013,dev,375.5985,200000000013,45415,Synthetic,0.00827036221512716
2026-03-16,200000000014,data-analytics,1261.5342,200000000014,141910,Synthetic,0.008889677964907337
2026-03-16,200000000015,ml-research,457.96979999999996,200000000015,54022,Synthetic,0.008477468438784198
2026-03-17,200000000010,prod-core,2625.2371,200000000010,320835,Synthetic,0.008182514688235385
2026-03-17,200000000011,prod-payments,1580.8353,200000000011,197671,Synthetic,0.007997305118100278
2026-03-17,200000000012,staging,350.2559,200000000012,42739,Synthetic,0.008195229181777767
2026-03-17,200000000013,dev,398.2598,200000000013,51307,Synthetic,0.007762289746038552
2026-03-17,200000000014,data-analytics,1340.8654999999999,200000000014,148020,Synthetic,0.009058677881367381
2026-03-17,200000000015,ml-research,494.8955,200000000015,62547,Synthetic,0.007912377891825348
2026-03-18,200000000010,prod-core,2372.5691,200000000010,271060,Synthetic,0.008752929609680514
2026-03-18,200000000011,prod-payments,1453.3529,200000000011,159339,Synthetic,0.009121137323567991
2026-03-18,200000000012,staging,315.1828,200000000012,40483,Synthetic,0.007785559370600005
2026-03-18,200000000013,dev,368.3694,200000000013,38531,Synthetic,0.009560338428797591
2026-03-18,200000000014,data-analytics,1189.7091,200000000014,137096,Synthetic,0.00867792714594153
2026-03-18,200000000015,ml-research,450.5081,200000000015,50974,Synthetic,0.008837997802801428
2026-03-19,200000000010,prod-core,2363.4591,200000000010,296072,Synthetic,0.007982717379556324
2026-03-19,200000000011,prod-payments,1423.2629,200000000011,174500,Synthetic,0.008156234383954155
2026-03-19,200000000012,staging,318.20959999999997,200000000012,38356,Synthetic,0.00829621441234748
2026-03-19,200000000013,dev,361.8328,200000000013,42906,Synthetic,0.008433151540577076
2026-03-19,200000000014,data-analytics,1180.4182999999998,200000000014,144764,Synthetic,0.008154087342156889
2026-03-19,200000000015,ml-research,444.0308,200000000015,53300,Synthetic,0.008330784240150093
2026-03-20,200000000010,prod-core,2557.6669,200000000010,306153,Synthetic,0.008354211456363322
2026-03-20,200000000011,prod-payments,1530.8304,200000000011,185883,Synthetic,0.008235451332289666
2026-03-20,200000000012,staging,362.15070000000003,200000000012,44857,Synthetic,0.008073448960028536
2026-03-20,200000000013,dev,395.1358,200000000013,47835,Synthetic,0.008260390927145396
2026-03-20,200000000014,data-analytics,1274.5591,200000000014,156954,Synthetic,0.008120590109203971
2026-03-20,200000000015,ml-research,487.3091,200000000015,66071,Synthetic,0.007375536922401659
2026-03-21,200000000010,prod-core,1947.6907,200000000010,231561,Synthetic,0.008411134431100229
2026-03-21,200000000011,prod-payments,1173.1943999999999,200000000011,136601,Synthetic,0.008588475926237727
2026-03-21,200000000012,staging,234.5867,200000000012,25265,Synthetic,0.009285046507025529
2026-03-21,200000000013,dev,239.2448,200000000013,29134,Synthetic,0.00821187615844031
2026-03-21,200000000014,data-analytics,976.9617,200000000014,118853,Synthetic,0.008219916199002128
2026-03-21,200000000015,ml-research,274.1097,200000000015,33260,Synthetic,0.008241422128683102
2026-03-22,200000000010,prod-core,1780.9641,200000000010,206438,Synthetic,0.008627113709685231
2026-03-22,200000000011,prod-payments,1117.5303,200000000011,124407,Synthetic,0.00898285707395886
2026-03-22,200000000012,staging,222.629,200000000012,26650,Synthetic,0.008353808630393996
2026-03-22,200000000013,dev,219.30190000000002,200000000013,25826,Synthetic,0.00849151630140169
2026-03-22,200000000014,data-analytics,918.5708,200000000014,102440,Synthetic,0.008966915267473643
2026-03-22,200000000015,ml-research,261.5747,200000000015,33639,Synthetic,0.007775935669906953
2026-03-23,200000000010,prod-core,2240.1969,200000000010,285257,Synthetic,0.007853258289892973
2026-03-23,200000000011,prod-payments,1360.6951,200000000011,163874,Synthetic,0.008303300706640468
2026-03-23,200000000012,staging,328.3752,200000000012,37743,Synthetic,0.008700294094269137
2026-03-23,200000000013,dev,350.0005,200000000013,38310,Synthetic,0.00913600887496737
2026-03-23,200000000014,data-analytics,1124.6395,200000000014,119369,Synthetic,0.009421537417587481
2026-03-23,200000000015,ml-research,425.0549,200000000015,51239,Synthetic,0.0082955346513398
2026-03-24,200000000010,prod-core,2336.7048,200000000010,278239,Synthetic,0.008398192920474843
2026-03-24,200000000011,prod-payments,1416.837,200000000011,165519,Synthetic,0.008559965925362043
2026-03-24,200000000012,staging,340.7292,200000000012,38397,Synthetic,0.00887384951949371
2026-03-24,200000000013,dev,358.823,200000000013,43765,Synthetic,0.00819885753455958
2026-03-24,200000000014,data-analytics,1153.9576,200000000014,138850,Synthetic,0.008310821750090024
2026-03-24,200000000015,ml-research,432.33270000000005,200000000015,53386,Synthetic,0.008098241111901997
2026-03-25,200000000010,prod-core,2277.0548,200000000010,267395,Synthetic,0.008515697002561752
2026-03-25,200000000011,prod-payments,1387.4326,200000000011,168429,Synthetic,0.00823749235582946
2026-03-25,200000000012,staging,332.4573,200000000012,38143,Synthetic,0.008716076344283353
2026-03-25,200000000013,dev,350.6103,200000000013,45706,Synthetic,0.007670990679560671
2026-03-25,200000000014,data-analytics,1157.3102,200000000014,135601,Synthetic,0.008534673048133863
2026-03-25,200000000015,ml-research,436.17740000000003,200000000015,52192,Synthetic,0.008357169681177192
2026-03-26,200000000010,prod-core,2311.2786,200000000010,272469,Synthetic,0.008482721337106239
2026-03-26,200000000011,prod-payments,1389.2439,200000000011,166892,Synthetic,0.008324209069338255
2026-03-26,200000000012,staging,340.0049,200000000012,40119,Synthetic,0.008474909643809666
2026-03-26,200000000013,dev,348.9058,200000000013,38658,Synthetic,0.009025448807491334
2026-03-26,200000000014,data-analytics,1147.5645,200000000014,140871,Synthetic,0.008146208233064292
2026-03-26,200000000015,ml-research,438.5155,200000000015,52172,Synthetic,0.008405188606915586
2026-03-27,200000000010,prod-core,2471.2386,200000000010,304441,Synthetic,0.008117298918345428
2026-03-27,200000000011,prod-payments,1498.1879,200000000011,194181,Synthetic,0.007715419634258758
2026-03-27,200000000012,staging,361.6207,200000000012,45381,Synthetic,0.007968548511491593
2026-03-27,200000000013,dev,375.34590000000003,200000000013,46987,Synthetic,0.007988292506437952
2026-03-27,200000000014,data-analytics,1248.3865,200000000014,155065,Synthetic,0.008050730338890144
2026-03-27,200000000015,ml-research,471.3636,200000000015,54358,Synthetic,0.008671466941388572
2026-03-28,200000000010,prod-core,2173.1791,200000000010,265547,Synthetic,0.00818378328506818
2026-03-28,200000000011,prod-payments,1320.4736,200000000011,156560,Synthetic,0.008434297393970364
2026-03-28,200000000012,staging,270.9199,200000000012,30355,Synthetic,0.008925050238840389
2026-03-28,200000000013,dev,271.0156,200000000013,31986,Synthetic,0.008472944413180767
2026-03-28,200000000014,data-analytics,1761.2658000000001,200000000014,212813,Synthetic,0.00827611940999845
2026-03-28,200000000015,ml-research,322.81010000000003,200000000015,39570,Synthetic,0.008157950467525904
2026-03-29,200000000010,prod-core,2494.7695,200000000010,305550,Synthetic,0.00816484863361152
2026-03-29,200000000011,prod-payments,1518.7667000000001,200000000011,172924,Synthetic,0.008782856630658555
2026-03-29,200000000012,staging,292.2305,200000000012,35121,Synthetic,0.008320677087782238
2026-03-29,200000000013,dev,307.892,200000000013,36833,Synthetic,0.008359134471805174
2026-03-29,200000000014,data-analytics,1922.8435,200000000014,239510,Synthetic,0.008028238904429878
2026-03-29,200000000015,ml-research,363.4699,200000000015,41759,Synthetic,0.008703989559136953
2026-03-30,200000000010,prod-core,2921.7678,200000000010,358162,Synthetic,0.0081576711097213
2026-03-30,200000000011,prod-payments,1726.8374,200000000011,209077,Synthetic,0.008259336990678075
2026-03-30,200000000012,staging,411.5614,200000000012,48192,Synthetic,0.00854003569057105
2026-03-30,200000000013,dev,446.0625,200000000013,50709,Synthetic,0.00879651541146542
2026-03-30,200000000014,data-analytics,2068.8469,200000000014,251107,Synthetic,0.008238905725447717
2026-03-30,200000000015,ml-research,547.9033,200000000015,67936,Synthetic,0.008064992051342439
2026-03-31,200000000010,prod-core,2623.3355,200000000010,348509,Synthetic,0.0075273106289937995
2026-03-31,200000000011,prod-payments,1571.8698,200000000011,190698,Synthetic,0.008242717805115943
2026-03-31,200000000012,staging,380.80379999999997,200000000012,44948,Synthetic,0.008472096645012013
2026-03-31,200000000013,dev,394.1464,200000000013,46505,Synthetic,0.008475355338135685
2026-03-31,200000000014,data-analytics,1320.853,200000000014,162704,Synthetic,0.008118134772347331
2026-03-31,200000000015,ml-research,492.8978,200000000015,62356,Synthetic,0.007904576945281929
2026-04-01,200000000010,prod-core,2554.8915,200000000010,300356,Synthetic,0.008506210962990585
2026-04-01,200000000011,prod-payments,1505.5979,200000000011,192950,Synthetic,0.007803046903342835
2026-04-01,200000000012,staging,371.1326,200000000012,46768,Synthetic,0.00793560981867944
2026-04-01,200000000013,dev,390.2903,200000000013,49879,Synthetic,0.007824741875338319
2026-04-01,200000000014,data-analytics,1322.6788,200000000014,153128,Synthetic,0.008637733138289534
2026-04-01,200000000015,ml-research,481.526,200000000015,58842,Synthetic,0.008183372421059787
2026-04-02,200000000010,prod-core,2483.7804,200000000010,290418,Synthetic,0.008552432700452452
2026-04-02,200000000011,prod-payments,1500.785,200000000011,187614,Synthetic,0.0079993230782351
2026-04-02,200000000012,staging,363.8441,200000000012,44835,Synthetic,0.008115180104828817
2026-04-02,200000000013,dev,380.02860000000004,200000000013,46932,Synthetic,0.008097430324725135
2026-04-02,200000000014,data-analytics,1312.5178,200000000014,156086,Synthetic,0.008408939943364556
2026-04-02,200000000015,ml-research,471.2263,200000000015,55737,Synthetic,0.008454461129949584
2026-04-03,200000000010,prod-core,2503.786,200000000010,288228,Synthetic,0.008686824319635845
2026-04-03,200000000011,prod-payments,1532.8592,200000000011,187224,Synthetic,0.00818730077340512
2026-04-03,200000000012,staging,366.7654,200000000012,46954,Synthetic,0.007811164118073008
2026-04-03,200000000013,dev,388.1166,200000000013,50608,Synthetic,0.007669076035409421
2026-04-03,200000000014,data-analytics,1302.9852,200000000014,157895,Synthetic,0.008252225846290257
2026-04-03,200000000015,ml-research,476.6149,200000000015,58492,Synthetic,0.00814837755590508
2026-04-04,200000000010,prod-core,1975.6297,200000000010,244378,Synthetic,0.008084318964882273
2026-04-04,200000000011,prod-payments,1211.3477,200000000011,155996,Synthetic,0.007765248467909434
2026-04-04,200000000012,staging,244.0249,200000000012,29056,Synthetic,0.008398434058370045
2026-04-04,200000000013,dev,243.5443,200000000013,30945,Synthetic,0.007870231055097755
2026-04-04,200000000014,data-analytics,1036.843,200000000014,129526,Synthetic,0.008004902490619645
2026-04-04,200000000015,ml-research,292.0892,200000000015,34509,Synthetic,0.008464145585209656
2026-04-05,200000000010,prod-core,1881.9648,200000000010,238585,Synthetic,0.007888026489511075
2026-04-05,200000000011,prod-payments,1176.6615,200000000011,132806,Synthetic,0.008860002560125296
2026-04-05,200000000012,staging,235.7215,200000000012,27302,Synthetic,0.008633854662662076
2026-04-05,200000000013,dev,240.716,200000000013,29519,Synthetic,0.008154612283613943
2026-04-05,200000000014,data-analytics,1031.699,200000000014,121365,Synthetic,0.008500795122152186
2026-04-05,200000000015,ml-research,282.32529999999997,200000000015,35463,Synthetic,0.007961122860446097
2026-04-06,200000000010,prod-core,2158.3701,200000000010,257528,Synthetic,0.008381108461992482
2026-04-06,200000000011,prod-payments,1309.8126,200000000011,152149,Synthetic,0.008608749318102649
2026-04-06,200000000012,staging,314.7262,200000000012,37344,Synthetic,0.008427758140531276
2026-04-06,200000000013,dev,337.5039,200000000013,44031,Synthetic,0.007665142740342031
2026-04-06,200000000014,data-analytics,1158.1475,200000000014,142599,Synthetic,0.008121708427127821
2026-04-06,200000000015,ml-research,405.284,200000000015,44180,Synthetic,0.009173472159348122
2026-04-07,200000000010,prod-core,2637.6139,200000000010,303217,Synthetic,0.008698766559922431
2026-04-07,200000000011,prod-payments,1549.5053,200000000011,177325,Synthetic,0.008738222472860567
2026-04-07,200000000012,staging,375.0205,200000000012,45549,Synthetic,0.008233342115084854
2026-04-07,200000000013,dev,396.24,200000000013,48592,Synthetic,0.008154428712545275
2026-04-07,200000000014,data-analytics,1376.7408,200000000014,163014,Synthetic,0.008445537193124518
2026-04-07,200000000015,ml-research,490.5627,200000000015,57879,Synthetic,0.00847565956564557
2026-04-08,200000000010,prod-core,2603.2164,200000000010,299507,Synthetic,0.008691671313191344
2026-04-08,200000000011,prod-payments,1565.5937000000001,200000000011,184209,Synthetic,0.008499007648920521
2026-04-08,200000000012,staging,374.06440000000003,200000000012,45284,Synthetic,0.008260409857786415
2026-04-08,200000000013,dev,393.3797,200000000013,49159,Synthetic,0.00800219085009866
2026-04-08,200000000014,data-analytics,1357.8483999999999,200000000014,161984,Synthetic,0.0083826081588305
2026-04-08,200000000015,ml-research,858.7832999999999,200000000015,153211,Synthetic,0.005605232653007943
2026-04-09,200000000010,prod-core,2501.0755,200000000010,309891,Synthetic,0.008070823289479204
2026-04-09,200000000011,prod-payments,1500.6019000000001,200000000011,167676,Synthetic,0.008949413750328015
2026-04-09,200000000012,staging,357.279,200000000012,40549,Synthetic,0.008811043428937829
2026-04-09,200000000013,dev,379.2385,200000000013,44835,Synthetic,0.008458536857365896
2026-04-09,200000000014,data-analytics,1330.0125,200000000014,166220,Synthetic,0.008001519071110576
2026-04-09,200000000015,ml-research,842.9843999999999,200000000015,136233,Synthetic,0.006187813525357292
2026-04-10,200000000010,prod-core,2451.4156,200000000010,305101,Synthetic,0.008034767503220245
2026-04-10,200000000011,prod-payments,1496.8159,200000000011,185322,Synthetic,0.008076838691574665
2026-04-10,200000000012,staging,362.22610000000003,200000000012,43663,Synthetic,0.00829595080502943
2026-04-10,200000000013,dev,378.4273,200000000013,45561,Synthetic,0.008305948069620948
2026-04-10,200000000014,data-analytics,1321.3786,200000000014,142764,Synthetic,0.009255684906559076
2026-04-10,200000000015,ml-research,827.1982,200000000015,106033,Synthetic,0.007801327888487547
2026-04-11,200000000010,prod-core,2157.9132,200000000010,265981,Synthetic,0.008113035141607858
2026-04-11,200000000011,prod-payments,1344.695,200000000011,159569,Synthetic,0.008427044100044495
2026-04-11,200000000012,staging,257.6471,200000000012,31270,Synthetic,0.008239433962264151
2026-04-11,200000000013,dev,270.9371,200000000013,31379,Synthetic,0.008634344625386405
2026-04-11,200000000014,data-analytics,1208.2928000000002,200000000014,135596,Synthetic,0.008910976724977138
2026-04-11,200000000015,ml-research,682.3873,200000000015,85551,Synthetic,0.007976380170892217
2026-04-12,200000000010,prod-core,2022.6199000000001,200000000010,234639,Synthetic,0.008620135186392715
2026-04-12,200000000011,prod-payments,1247.6421,200000000011,138707,Synthetic,0.008994802713633775
2026-04-12,200000000012,staging,249.0031,200000000012,33642,Synthetic,0.0074015546043635925
2026-04-12,200000000013,dev,252.70680000000002,200000000013,31825,Synthetic,0.007940512175962294
2026-04-12,200000000014,data-analytics,1168.3883999999998,200000000014,129816,Synthetic,0.009000342022555
2026-04-12,200000000015,ml-research,666.7576,200000000015,77131,Synthetic,0.008644482763091365
2026-04-13,200000000010,prod-core,2399.635,200000000010,291298,Synthetic,0.008237732493872255
2026-04-13,200000000011,prod-payments,1447.9676,200000000011,164932,Synthetic,0.008779179298134989
2026-04-13,200000000012,staging,352.9019,200000000012,46322,Synthetic,0.007618451275851647
2026-04-13,200000000013,dev,365.277,200000000013,41251,Synthetic,0.00885498533368888
2026-04-13,200000000014,data-analytics,1319.9825,200000000014,139915,Synthetic,0.009434174320122932
2026-04-13,200000000015,ml-research,827.8496,200000000015,91878,Synthetic,0.009010313676832322
2026-04-14,200000000010,prod-core,2575.2358,200000000010,310831,Synthetic,0.008285003104580945
2026-04-14,200000000011,prod-payments,1533.969,200000000011,186961,Synthetic,0.008204753932638358
2026-04-14,200000000012,staging,370.8083,200000000012,42598,Synthetic,0.008704828865204938
2026-04-14,200000000013,dev,382.1689,200000000013,47654,Synthetic,0.008019660469215597
2026-04-14,200000000014,data-analytics,1401.1372,200000000014,162434,Synthetic,0.008625886206089858
2026-04-14,200000000015,ml-research,841.2734,200000000015,85988,Synthetic,0.009783613992650137
2026-04-15,200000000010,prod-core,2349.3092,200000000010,284997,Synthetic,0.008243276946774878
2026-04-15,200000000011,prod-payments,1443.1732,200000000011,180439,Synthetic,0.007998122357140086
2026-04-15,200000000012,staging,337.9278,200000000012,39970,Synthetic,0.008454535901926444
2026-04-15,200000000013,dev,365.7015,200000000013,43464,Synthetic,0.0084138942573164
2026-04-15,200000000014,data-analytics,1325.1534,200000000014,164976,Synthetic,0.00803240107652022
2026-04-15,200000000015,ml-research,819.3373,200000000015,95647,Synthetic,0.008566262402375402
2026-04-16,200000000010,prod-core,2542.9836,200000000010,318453,Synthetic,0.0079854283049618
2026-04-16,200000000011,prod-payments,1522.8653,200000000011,200988,Synthetic,0.007576896630644615
2026-04-16,200000000012,staging,367.8077,200000000012,40907,Synthetic,0.00899131444496052
2026-04-16,200000000013,dev,394.38439999999997,200000000013,50097,Synthetic,0.007872415513903027
2026-04-16,200000000014,data-analytics,1424.1713,200000000014,168466,Synthetic,0.008453760996284117
2026-04-16,200000000015,ml-research,854.1043,200000000015,114895,Synthetic,0.0074337812785586835
2026-04-17,200000000010,prod-core,2514.8459,200000000010,305154,Synthetic,0.008241235245154905
2026-04-17,200000000011,prod-payments,1509.1407,200000000011,207481,Synthetic,0.007273633248345631
2026-04-17,200000000012,staging,363.663,200000000012,42350,Synthetic,0.008587083825265643
2026-04-17,200000000013,dev,377.1871,200000000013,46960,Synthetic,0.008032093270868824
2026-04-17,200000000014,data-analytics,1376.8599,200000000014,166857,Synthetic,0.008251735917582121
2026-04-17,200000000015,ml-research,836.5879,200000000015,102573,Synthetic,0.008156024489875503
2026-04-18,200000000010,prod-core,2069.2141,200000000010,256735,Synthetic,0.008059727345317156
2026-04-18,200000000011,prod-payments,1272.3504,200000000011,155845,Synthetic,0.008164204177227373
2026-04-18,200000000012,staging,249.2553,200000000012,30381,Synthetic,0.008204315196998125
2026-04-18,200000000013,dev,250.8805,200000000013,32846,Synthetic,0.007638083784935761
2026-04-18,200000000014,data-analytics,1152.3817,200000000014,145815,Synthetic,0.00790303946781881
2026-04-18,200000000015,ml-research,678.389,200000000015,79129,Synthetic,0.008573203250388605
2026-04-19,200000000010,prod-core,1878.882,200000000010,226228,Synthetic,0.008305258411867673
2026-04-19,200000000011,prod-payments,1162.6493,200000000011,132613,Synthetic,0.0087672347356594
2026-04-19,200000000012,staging,228.9741,200000000012,29134,Synthetic,0.007859343035628475
2026-04-19,200000000013,dev,224.7306,200000000013,27952,Synthetic,0.008039875500858615
2026-04-19,200000000014,data-analytics,1047.066,200000000014,133989,Synthetic,0.007814566867429417
2026-04-19,200000000015,ml-research,643.0933,200000000015,78965,Synthetic,0.008144029633381879
2026-04-20,200000000010,prod-core,2376.1796,200000000010,289263,Synthetic,0.008214599170996637
2026-04-20,200000000011,prod-payments,1432.5146,200000000011,153575,Synthetic,0.00932778512127625
2026-04-20,200000000012,staging,338.6439,200000000012,39156,Synthetic,0.008648582592706098
2026-04-20,200000000013,dev,360.7344,200000000013,39886,Synthetic,0.00904413578699293
2026-04-20,200000000014,data-analytics,1302.1404,200000000014,155716,Synthetic,0.008362277479513987
2026-04-20,200000000015,ml-research,795.539,200000000015,88013,Synthetic,0.009038880619908422
2026-04-21,200000000010,prod-core,2337.4602999999997,200000000010,289350,Synthetic,0.008078314498012787
2026-04-21,200000000011,prod-payments,1396.6069,200000000011,169836,Synthetic,0.008223267740643915
2026-04-21,200000000012,staging,336.0139,200000000012,39003,Synthetic,0.008615078327308155
2026-04-21,200000000013,dev,351.8782,200000000013,42084,Synthetic,0.008361329721509362
2026-04-21,200000000014,data-analytics,1348.3025,200000000014,172744,Synthetic,0.007805205969527162
2026-04-21,200000000015,ml-research,807.7875,200000000015,95492,Synthetic,0.00845921647886734
2026-04-22,200000000010,prod-core,2719.0465,200000000010,302513,Synthetic,0.008988197201442583
2026-04-22,200000000011,prod-payments,1641.5514,200000000011,188979,Synthetic,0.008686422300890576
2026-04-22,200000000012,staging,396.2583,200000000012,42445,Synthetic,0.009335806337613382
2026-04-22,200000000013,dev,414.403,200000000013,46813,Synthetic,0.008852305983380685
2026-04-22,200000000014,data-analytics,1625.6374999999998,200000000014,195976,Synthetic,0.008295084602196186
2026-04-22,200000000015,ml-research,885.5439,200000000015,106793,Synthetic,0.008292153043738822
2026-04-23,200000000010,prod-core,2521.2726,200000000010,297717,Synthetic,0.008468688721168089
2026-04-23,200000000011,prod-payments,1532.9013,200000000011,180128,Synthetic,0.008510066730325103
2026-04-23,200000000012,staging,364.9317,200000000012,43435,Synthetic,0.008401788879935536
2026-04-23,200000000013,dev,388.1,200000000013,45366,Synthetic,0.008554864876779969
2026-04-23,200000000014,data-analytics,1495.5398,200000000014,171950,Synthetic,0.008697527188136087
2026-04-23,200000000015,ml-research,862.9818,200000000015,103111,Synthetic,0.008369444579142866
2026-04-24,200000000010,prod-core,2626.6654,200000000010,307787,Synthetic,0.008534036200359339
2026-04-24,200000000011,prod-payments,1579.4071,200000000011,183728,Synthetic,0.008596442022990506
2026-04-24,200000000012,staging,375.1376,200000000012,42624,Synthetic,0.00880108858858859
2026-04-24,200000000013,dev,403.5874,200000000013,52090,Synthetic,0.00774788635054713
2026-04-24,200000000014,data-analytics,1514.376,200000000014,176323,Synthetic,0.008588646971750708
2026-04-24,200000000015,ml-research,852.6424999999999,200000000015,106363,Synthetic,0.008016344969585287
2026-04-25,200000000010,prod-core,2003.2198,200000000010,232708,Synthetic,0.008608297952799217
2026-04-25,200000000011,prod-payments,1243.3649,200000000011,148152,Synthetic,0.008392494870133377
2026-04-25,200000000012,staging,241.6736,200000000012,28232,Synthetic,0.008560272031737036
2026-04-25,200000000013,dev,250.8624,200000000013,31062,Synthetic,0.008076183117635697
2026-04-25,200000000014,data-analytics,1228.2998,200000000014,136484,Synthetic,0.008999588230122212
2026-04-25,200000000015,ml-research,667.3659,200000000015,81464,Synthetic,0.008192157271923795
2026-04-26,200000000010,prod-core,2178.9343,200000000010,257872,Synthetic,0.008449673869206427
2026-04-26,200000000011,prod-payments,1347.6555,200000000011,170338,Synthetic,0.007911655062287921
2026-04-26,200000000012,staging,267.9677,200000000012,30746,Synthetic,0.008715530475509008
2026-04-26,200000000013,dev,271.9276,200000000013,31491,Synthetic,0.008635089390619542
2026-04-26,200000000014,data-analytics,1319.3108,200000000014,151286,Synthetic,0.008720640376505426
2026-04-26,200000000015,ml-research,312.3153,200000000015,38729,Synthetic,0.008064119910144852
2026-04-27,200000000010,prod-core,2509.3291,200000000010,323627,Synthetic,0.007753769308494037
2026-04-27,200000000011,prod-payments,1532.5181,200000000011,185345,Synthetic,0.008268462057244599
2026-04-27,200000000012,staging,370.0059,200000000012,44191,Synthetic,0.008372879093027991
2026-04-27,200000000013,dev,383.8987,200000000013,43733,Synthetic,0.008778238401207327
2026-04-27,200000000014,data-analytics,1465.7176,200000000014,172736,Synthetic,0.00848530474249722
2026-04-27,200000000015,ml-research,485.2135,200000000015,56221,Synthetic,0.008630467263122322
2026-04-28,200000000010,prod-core,2724.5480000000002,200000000010,312790,Synthetic,0.008710470283576842
2026-04-28,200000000011,prod-payments,1632.7548,200000000011,194375,Synthetic,0.008400024694533761
2026-04-28,200000000012,staging,391.0403,200000000012,42799,Synthetic,0.009136669081053296
2026-04-28,200000000013,dev,680.3366,200000000013,125485,Synthetic,0.005421656771725704
2026-04-28,200000000014,data-analytics,1595.0699,200000000014,199099,Synthetic,0.008011441041893731
2026-04-28,200000000015,ml-research,517.5236,200000000015,64890,Synthetic,0.007975398366466328
2026-04-29,200000000010,prod-core,2733.0525000000002,200000000010,343842,Synthetic,0.007948570855218386
2026-04-29,200000000011,prod-payments,1612.854,200000000011,183519,Synthetic,0.008788485115982542
2026-04-29,200000000012,staging,388.9964,200000000012,43255,Synthetic,0.008993096751820598
2026-04-29,200000000013,dev,691.9075,200000000013,110700,Synthetic,0.006250293586269196
2026-04-29,200000000014,data-analytics,1589.9515999999999,200000000014,207209,Synthetic,0.00767317828858785
2026-04-29,200000000015,ml-research,509.9642,200000000015,66180,Synthetic,0.0077057147174372925
2026-04-30,200000000010,prod-core,2798.3126,200000000010,307543,Synthetic,0.00909893120636789
2026-04-30,200000000011,prod-payments,1632.0443,200000000011,179445,Synthetic,0.009094955557413135
2026-04-30,200000000012,staging,402.0859,200000000012,53387,Synthetic,0.007531532020903965
2026-04-30,200000000013,dev,675.023,200000000013,78284,Synthetic,0.008622745388585151
2026-04-30,200000000014,data-analytics,1611.7084,200000000014,180039,Synthetic,0.008951995956431662
2026-04-30,200000000015,ml-research,526.6105,200000000015,60127,Synthetic,0.008758303258103681
2026-05-01,200000000010,prod-core,2517.9047,200000000010,297088,Synthetic,0.008475282407906076
2026-05-01,200000000011,prod-payments,1517.0291,200000000011,177617,Synthetic,0.008541012966101217
2026-05-01,200000000012,staging,367.1458,200000000012,41220,Synthetic,0.008906982047549734
2026-05-01,200000000013,dev,659.7429,200000000013,80403,Synthetic,0.008205451289131003
2026-05-01,200000000014,data-analytics,1548.9085,200000000014,189519,Synthetic,0.00817284019016563
2026-05-01,200000000015,ml-research,478.3184,200000000015,54850,Synthetic,0.00872048131267092
2026-05-02,200000000010,prod-core,2133.6146,200000000010,258116,Synthetic,0.008266107486556432
2026-05-02,200000000011,prod-payments,1302.623,200000000011,155894,Synthetic,0.008355825111935033
2026-05-02,200000000012,staging,262.5831,200000000012,29781,Synthetic,0.00881713508612874
2026-05-02,200000000013,dev,511.4344,200000000013,64915,Synthetic,0.007878524223985212
2026-05-02,200000000014,data-analytics,1344.737,200000000014,152972,Synthetic,0.00879073948173522
2026-05-02,200000000015,ml-research,315.1825,200000000015,40347,Synthetic,0.0078117951768409055
2026-05-03,200000000010,prod-core,2130.2079,200000000010,263116,Synthetic,0.008096078915763388
2026-05-03,200000000011,prod-payments,1304.7215,200000000011,170406,Synthetic,0.007656546717838574
2026-05-03,200000000012,staging,260.21659999999997,200000000012,34093,Synthetic,0.007632552136802275
2026-05-03,200000000013,dev,522.0651,200000000013,64555,Synthetic,0.008087136550228488
2026-05-03,200000000014,data-analytics,1367.8758,200000000014,168040,Synthetic,0.008140179719114496
2026-05-03,200000000015,ml-research,305.0223,200000000015,36252,Synthetic,0.008413944058258854
2026-05-04,200000000010,prod-core,2601.2572,200000000010,323251,Synthetic,0.00804717448669919
2026-05-04,200000000011,prod-payments,1531.299,200000000011,184954,Synthetic,0.008279350541215653
2026-05-04,200000000012,staging,373.1058,200000000012,51276,Synthetic,0.0072764217177626956
2026-05-04,200000000013,dev,658.7007,200000000013,69988,Synthetic,0.009411623421157913
2026-05-04,200000000014,data-analytics,1569.5411,200000000014,187111,Synthetic,0.008388288769767677
2026-05-04,200000000015,ml-research,483.6029,200000000015,62106,Synthetic,0.007786733970952886
2026-05-05,200000000010,prod-core,2462.7028999999998,200000000010,307246,Synthetic,0.008015410778333973
2026-05-05,200000000011,prod-payments,1471.6503,200000000011,185276,Synthetic,0.007943016364774715
2026-05-05,200000000012,staging,361.7167,200000000012,40864,Synthetic,0.00885172034064213
2026-05-05,200000000013,dev,376.839,200000000013,45907,Synthetic,0.00820874812120156
2026-05-05,200000000014,data-analytics,1510.8657,200000000014,164705,Synthetic,0.009173162320512431
2026-05-05,200000000015,ml-research,467.2708,200000000015,54832,Synthetic,0.008521863145608405
2026-05-06,200000000010,prod-core,2579.1973,200000000010,304107,Synthetic,0.008481216479725886
2026-05-06,200000000011,prod-payments,1532.1746,200000000011,179271,Synthetic,0.008546695226779569
2026-05-06,200000000012,staging,861.361,200000000012,190625,Synthetic,0.004518615081967213
2026-05-06,200000000013,dev,403.64730000000003,200000000013,48612,Synthetic,0.008303449765490004
2026-05-06,200000000014,data-analytics,1600.8166,200000000014,201013,Synthetic,0.007963746623352719
2026-05-06,200000000015,ml-research,484.8916,200000000015,62420,Synthetic,0.007768208907401474
2026-05-07,200000000010,prod-core,2435.0471,200000000010,285450,Synthetic,0.008530555613942897
2026-05-07,200000000011,prod-payments,1484.6609,200000000011,167603,Synthetic,0.008858200032218995
2026-05-07,200000000012,staging,828.2154,200000000012,159133,Synthetic,0.005204548396624208
2026-05-07,200000000013,dev,376.1847,200000000013,46075,Synthetic,0.008164616386326642
2026-05-07,200000000014,data-analytics,1510.223,200000000014,175744,Synthetic,0.008593311862709395
2026-05-07,200000000015,ml-research,464.7214,200000000015,56133,Synthetic,0.008278933960415442
2026-05-08,200000000010,prod-core,2415.6444,200000000010,302312,Synthetic,0.007990567360872211
2026-05-08,200000000011,prod-payments,1461.8872,200000000011,166960,Synthetic,0.00875591279348347
2026-05-08,200000000012,staging,352.7789,200000000012,45992,Synthetic,0.007670440511393286
2026-05-08,200000000013,dev,370.7119,200000000013,48080,Synthetic,0.007710314059900167
2026-05-08,200000000014,data-analytics,1474.5647,200000000014,172223,Synthetic,0.008561949913774583
2026-05-08,200000000015,ml-research,453.6422,200000000015,55139,Synthetic,0.008227247501768259
2026-05-09,200000000010,prod-core,1808.7873,200000000010,214978,Synthetic,0.00841382513559527
2026-05-09,200000000011,prod-payments,1120.6723,200000000011,129603,Synthetic,0.008646962647469579
2026-05-09,200000000012,staging,218.3803,200000000012,24912,Synthetic,0.008766068561335903
2026-05-09,200000000013,dev,218.4317,200000000013,23507,Synthetic,0.0092921980686604
2026-05-09,200000000014,data-analytics,1197.9317,200000000014,136062,Synthetic,0.008804307595066955
2026-05-09,200000000015,ml-research,262.6947,200000000015,33990,Synthetic,0.007728587819947044
2026-05-10,200000000010,prod-core,2211.2336,200000000010,248422,Synthetic,0.00890111825844732
2026-05-10,200000000011,prod-payments,1356.8671,200000000011,180152,Synthetic,0.007531790377014964
2026-05-10,200000000012,staging,272.7634,200000000012,32329,Synthetic,0.008437112190293545
2026-05-10,200000000013,dev,271.3386,200000000013,31598,Synthetic,0.008587208051142476
2026-05-10,200000000014,data-analytics,1411.7649999999999,200000000014,163869,Synthetic,0.008615204828246953
2026-05-10,200000000015,ml-research,329.8793,200000000015,38869,Synthetic,0.008486951040675088
2026-05-11,200000000010,prod-core,2652.4173,200000000010,300254,Synthetic,0.008833911621493802
2026-05-11,200000000011,prod-payments,1577.8315,200000000011,181562,Synthetic,0.008690317907932277
2026-05-11,200000000012,staging,384.2565,200000000012,47903,Synthetic,0.008021553973655095
2026-05-11,200000000013,dev,406.3453,200000000013,50201,Synthetic,0.008094366646082747
2026-05-11,200000000014,data-analytics,1622.9906999999998,200000000014,198925,Synthetic,0.008158807088098529
2026-05-11,200000000015,ml-research,494.3818,200000000015,56533,Synthetic,0.008745012647480233
2026-05-12,200000000010,prod-core,2999.8215999999998,200000000010,343430,Synthetic,0.008734885129429578
2026-05-12,200000000011,prod-payments,1479.5186,200000000011,184984,Synthetic,0.007998089564502877
2026-05-12,200000000012,staging,348.5343,200000000012,42732,Synthetic,0.008156283347374333
2026-05-12,200000000013,dev,372.7442,200000000013,41192,Synthetic,0.00904894639735871
2026-05-12,200000000014,data-analytics,1501.8525,200000000014,178516,Synthetic,0.008412985390665262
2026-05-12,200000000015,ml-research,457.6594,200000000015,53687,Synthetic,0.008524585095088197
2026-05-13,200000000010,prod-core,3026.9366,200000000010,372259,Synthetic,0.008131265060079138
2026-05-13,200000000011,prod-payments,1491.0531,200000000011,170849,Synthetic,0.008727315348641199
2026-05-13,200000000012,staging,360.6555,200000000012,42462,Synthetic,0.00849360604776035
2026-05-13,200000000013,dev,383.592,200000000013,49427,Synthetic,0.007760778521860521
2026-05-13,200000000014,data-analytics,1564.0196,200000000014,190766,Synthetic,0.008198628686453562
2026-05-13,200000000015,ml-research,479.38660000000004,200000000015,58827,Synthetic,0.008149091403607188
2026-05-14,200000000010,prod-core,3014.1909,200000000010,364278,Synthetic,0.00827442475252417
2026-05-14,200000000011,prod-payments,1506.5949,200000000011,189213,Synthetic,0.007962428057268793
2026-05-14,200000000012,staging,361.9558,200000000012,43144,Synthetic,0.008389481735583163
2026-05-14,200000000013,dev,384.4661,200000000013,46984,Synthetic,0.008182915460582325
2026-05-14,200000000014,data-analytics,1525.3755,200000000014,186356,Synthetic,0.008185277104037434
2026-05-14,200000000015,ml-research,462.205,200000000015,51122,Synthetic,0.009041215132428308
2026-05-15,200000000010,prod-core,3111.0191999999997,200000000010,386208,Synthetic,0.008055294556301267
2026-05-15,200000000011,prod-payments,1596.117,200000000011,195219,Synthetic,0.008176033070551534
2026-05-15,200000000012,staging,384.5169,200000000012,42971,Synthetic,0.008948288380535711
2026-05-15,200000000013,dev,405.455,200000000013,50714,Synthetic,0.007994932365816144
2026-05-15,200000000014,data-analytics,1578.8813999999998,200000000014,201975,Synthetic,0.007817212031191978
2026-05-15,200000000015,ml-research,492.03000000000003,200000000015,60924,Synthetic,0.008076127634429782
2026-05-16,200000000010,prod-core,2812.9979,200000000010,330348,Synthetic,0.008515256335742913
2026-05-16,200000000011,prod-payments,1375.8921,200000000011,163812,Synthetic,0.008399214343271556
2026-05-16,200000000012,staging,272.6445,200000000012,32327,Synthetic,0.008433956135737927
2026-05-16,200000000013,dev,273.9571,200000000013,31936,Synthetic,0.008578316007014029
2026-05-16,200000000014,data-analytics,1449.3139,200000000014,170936,Synthetic,0.008478693195113962
2026-05-16,200000000015,ml-research,335.1715,200000000015,39138,Synthetic,0.008563838213500945
2026-05-17,200000000010,prod-core,2220.4411,200000000010,268567,Synthetic,0.008267736170117699
2026-05-17,200000000011,prod-payments,1354.0059,200000000011,162150,Synthetic,0.008350329324699353
2026-05-17,200000000012,staging,273.0199,200000000012,32326,Synthetic,0.008445829982057786
2026-05-17,200000000013,dev,274.1967,200000000013,34242,Synthetic,0.008007613457157878
2026-05-17,200000000014,data-analytics,1451.3075,200000000014,161296,Synthetic,0.00899778977779982
2026-05-17,200000000015,ml-research,319.8625,200000000015,40586,Synthetic,0.00788110432168728
2026-05-18,200000000010,prod-core,2649.4193,200000000010,327875,Synthetic,0.00808057735417461
2026-05-18,200000000011,prod-payments,1571.6414,200000000011,182422,Synthetic,0.008615415903783535
2026-05-18,200000000012,staging,373.9299,200000000012,45392,Synthetic,0.008237793003172365
2026-05-18,200000000013,dev,402.9916,200000000013,50942,Synthetic,0.00791079266616937
2026-05-18,200000000014,data-analytics,1644.8525,200000000014,207914,Synthetic,0.007911215694950798
2026-05-18,200000000015,ml-research,505.4416,200000000015,53391,Synthetic,0.00946679402895619
2026-05-19,200000000010,prod-core,2661.968,200000000010,314494,Synthetic,0.008464288666874407
2026-05-19,200000000011,prod-payments,1599.1794,200000000011,196180,Synthetic,0.008151592415128963
2026-05-19,200000000012,staging,382.1109,200000000012,44578,Synthetic,0.008571737179774778
2026-05-19,200000000013,dev,408.5132,200000000013,49591,Synthetic,0.00823764796031538
2026-05-19,200000000014,data-analytics,1682.6835999999998,200000000014,198577,Synthetic,0.008473708435518715
2026-05-19,200000000015,ml-research,501.37919999999997,200000000015,57799,Synthetic,0.008674530701223204
2026-05-20,200000000010,prod-core,2577.4682,200000000010,316360,Synthetic,0.008147263244405107
2026-05-20,200000000011,prod-payments,1528.8469,200000000011,179287,Synthetic,0.008527371755899758
2026-05-20,200000000012,staging,373.261,200000000012,45848,Synthetic,0.008141271156866166
2026-05-20,200000000013,dev,392.257,200000000013,47622,Synthetic,0.008236886313048591
2026-05-20,200000000014,data-analytics,1631.9393,200000000014,206746,Synthetic,0.007893450417420409
2026-05-20,200000000015,ml-research,497.9855,200000000015,54718,Synthetic,0.00910094484447531
2026-05-21,200000000010,prod-core,2429.1617,200000000010,281855,Synthetic,0.008618480069539303
2026-05-21,200000000011,prod-payments,1466.1025,200000000011,165151,Synthetic,0.008877345580710986
2026-05-21,200000000012,staging,349.5245,200000000012,44066,Synthetic,0.00793184087505106
2026-05-21,200000000013,dev,370.293,200000000013,45035,Synthetic,0.008222338181414456
2026-05-21,200000000014,data-analytics,1536.3573000000001,200000000014,187897,Synthetic,0.008176593027030768
2026-05-21,200000000015,ml-research,450.31,200000000015,51804,Synthetic,0.008692572002161995
2026-05-22,200000000010,prod-core,2404.5697,200000000010,283308,Synthetic,0.00848747546839482
2026-05-22,200000000011,prod-payments,1451.0806,200000000011,163002,Synthetic,0.008902225739561478
2026-05-22,200000000012,staging,348.8413,200000000012,42186,Synthetic,0.008269124828142037
2026-05-22,200000000013,dev,367.5405,200000000013,42200,Synthetic,0.008709490521327015
2026-05-22,200000000014,data-analytics,1511.9823999999999,200000000014,180249,Synthetic,0.00838829840942252
2026-05-22,200000000015,ml-research,459.0449,200000000015,55768,Synthetic,0.008231331588007458
2026-05-23,200000000010,prod-core,1938.9129,200000000010,228228,Synthetic,0.008495508438929492
2026-05-23,200000000011,prod-payments,2078.8852,200000000011,251618,Synthetic,0.008262068691429071
2026-05-23,200000000012,staging,235.7661,200000000012,28788,Synthetic,0.008189735306377658
2026-05-23,200000000013,dev,237.2108,200000000013,28255,Synthetic,0.00839535657405769
2026-05-23,200000000014,data-analytics,1272.6497,200000000014,155381,Synthetic,0.008190510422767262
2026-05-23,200000000015,ml-research,286.3203,200000000015,34050,Synthetic,0.008408819383259911
2026-05-24,200000000010,prod-core,2091.1651,200000000010,235936,Synthetic,0.008863272667163977
2026-05-24,200000000011,prod-payments,2214.1501,200000000011,286673,Synthetic,0.007723608780736239
2026-05-24,200000000012,staging,257.6411,200000000012,30997,Synthetic,0.008311807594283318
2026-05-24,200000000013,dev,257.2401,200000000013,30633,Synthetic,0.008397483106453824
2026-05-24,200000000014,data-analytics,1358.3097,200000000014,178897,Synthetic,0.0075926913251759395
2026-05-24,200000000015,ml-research,301.3301,200000000015,35700,Synthetic,0.008440619047619047
2026-05-25,200000000010,prod-core,2755.5756,200000000010,338720,Synthetic,0.008135260982522438
2026-05-25,200000000011,prod-payments,2535.3123,200000000011,306669,Synthetic,0.0082672598143275
2026-05-25,200000000012,staging,393.0654,200000000012,47167,Synthetic,0.008333483155596073
2026-05-25,200000000013,dev,428.293,200000000013,52381,Synthetic,0.008176495294095188
2026-05-25,200000000014,data-analytics,1713.3366,200000000014,226950,Synthetic,0.0075494011896893596
2026-05-25,200000000015,ml-research,515.7863,200000000015,61402,Synthetic,0.008400154718087359
2026-05-26,200000000010,prod-core,2633.2391,200000000010,308573,Synthetic,0.008533601773324302
2026-05-26,200000000011,prod-payments,2505.6039,200000000011,298889,Synthetic,0.008383058259086149
2026-05-26,200000000012,staging,380.6802,200000000012,44033,Synthetic,0.008645338723230304
2026-05-26,200000000013,dev,411.6657,200000000013,51869,Synthetic,0.007936642310435907
2026-05-26,200000000014,data-analytics,1641.1300999999999,200000000014,197621,Synthetic,0.008304431715252933
2026-05-26,200000000015,ml-research,497.7272,200000000015,60333,Synthetic,0.008249667677721976
2026-05-27,200000000010,prod-core,2594.9267999999997,200000000010,311587,Synthetic,0.008328097128570832
2026-05-27,200000000011,prod-payments,1511.4537,200000000011,183966,Synthetic,0.008215940445517107
2026-05-27,200000000012,staging,368.3933,200000000012,44906,Synthetic,0.00820365430009353
2026-05-27,200000000013,dev,395.0736,200000000013,44899,Synthetic,0.008799162564867815
2026-05-27,200000000014,data-analytics,1617.7775000000001,200000000014,195687,Synthetic,0.00826716899947365
2026-05-27,200000000015,ml-research,478.2421,200000000015,54494,Synthetic,0.00877605057437516
2026-05-28,200000000010,prod-core,2796.5374,200000000010,343653,Synthetic,0.00813767783199914
2026-05-28,200000000011,prod-payments,1658.7346,200000000011,212045,Synthetic,0.00782255936239949
2026-05-28,200000000012,staging,396.7922,200000000012,47381,Synthetic,0.008374500327135348
2026-05-28,200000000013,dev,434.26,200000000013,51785,Synthetic,0.00838582601139326
2026-05-28,200000000014,data-analytics,1739.1909999999998,200000000014,219933,Synthetic,0.007907821927587037
2026-05-28,200000000015,ml-research,533.1283,200000000015,66236,Synthetic,0.008048920526601848
2026-05-29,200000000010,prod-core,2782.4453,200000000010,341347,Synthetic,0.008151368841677237
2026-05-29,200000000011,prod-payments,1676.3186,200000000011,203364,Synthetic,0.008242946637556304
2026-05-29,200000000012,staging,393.8591,200000000012,52209,Synthetic,0.007543892815414967
2026-05-29,200000000013,dev,424.2417,200000000013,54679,Synthetic,0.007758768448581722
2026-05-29,200000000014,data-analytics,1742.3465,200000000014,200241,Synthetic,0.008701247496766398
2026-05-29,200000000015,ml-research,526.7999,200000000015,65310,Synthetic,0.008066144541417852
2026-05-30,200000000010,prod-core,2259.5359000000003,200000000010,280163,Synthetic,0.008065076045016653
2026-05-30,200000000011,prod-payments,1356.5214,200000000011,159438,Synthetic,0.008508143604410493
2026-05-30,200000000012,staging,271.2348,200000000012,35108,Synthetic,0.0077257263301811555
2026-05-30,200000000013,dev,277.1389,200000000013,32019,Synthetic,0.008655451450701146
2026-05-30,200000000014,data-analytics,1441.0887,200000000014,175810,Synthetic,0.008196852852511234
2026-05-30,200000000015,ml-research,329.91200000000003,200000000015,40352,Synthetic,0.008175852498017448
2026-05-31,200000000010,prod-core,2303.8742,200000000010,275101,Synthetic,0.008374648583611111
2026-05-31,200000000011,prod-payments,1408.2087,200000000011,178333,Synthetic,0.00789651214301335
2026-05-31,200000000012,staging,273.4084,200000000012,33440,Synthetic,0.008176088516746411
2026-05-31,200000000013,dev,287.6794,200000000013,33102,Synthetic,0.008690695426258232
2026-05-31,200000000014,data-analytics,1470.3709,200000000014,176215,Synthetic,0.008344186930738018
2026-05-31,200000000015,ml-research,336.9897,200000000015,41564,Synthetic,0.00810773024732942
